{
  "auc": 0.8422025938299879,
  "pcoc": 1.0577428340911865
}