{
  "standard": {
    "auc": 0.8012204476004445,
    "logloss": 0.5222373372519713,
    "ece": 5.1003741087917256e-17,
    "pcoc": 0.9999999999999993
  },
  "quantile": {
    "Q-2bin": {
      "auc": 0.8012372597324084,
      "logloss": 0.5222260548247262,
      "ece": 1.4170040960968153e-09,
      "pcoc": 1.000000003392436
    },
    "Q-3bin": {
      "auc": 0.8012414089312062,
      "logloss": 0.5222189617048559,
      "ece": 1.4179228445713678e-09,
      "pcoc": 1.0000000033931722
    },
    "Q-5bin": {
      "auc": 0.8012549039543801,
      "logloss": 0.5222036617458835,
      "ece": 1.419760308758364e-09,
      "pcoc": 1.0000000033975862
    }
  }
}