{
  "auc": 0.8010390136319362,
  "logloss": 0.5227949932113656,
  "ece": 0.007736882574346389,
  "mce": 0.04351114384380517,
  "pcoc": 1.017441719960602,
  "predicted_ctr": 0.4235108092175551,
  "actual_ctr": 0.4162506813991805,
  "temperature": 1.011134689521819
}