{
  "BCE": {
    "auc": 0.8010390135933385,
    "logloss": 0.5228046751060068,
    "ece": 0.007615278327524911,
    "mce": 0.04516059160232544,
    "pcoc": 1.0172083072763383,
    "predicted_ctr": 0.4234136641025543,
    "actual_ctr": 0.41625067591667175
  },
  "Focal": {
    "auc": 0.8004307114296847,
    "logloss": 0.5791487081461465,
    "ece": 0.12628245531097063,
    "mce": 0.33920615911483765,
    "pcoc": 0.8546580709240724,
    "predicted_ctr": 0.35575199127197266,
    "actual_ctr": 0.41625067591667175
  }
}