{
  "standard": {
    "auc": 0.8012204476004445,
    "logloss": 0.5222373372519713,
    "ece": 5.1003741087917256e-17,
    "pcoc": 0.9999999999999993
  },
  "regularized": {
    "0.01": {
      "auc": 0.8011015794437792,
      "logloss": 0.5224320529765039,
      "ece": 0.0005261452682354398,
      "pcoc": 0.999367954916758
    },
    "0.05": {
      "auc": 0.8011015794437792,
      "logloss": 0.5224320529765039,
      "ece": 0.0005261452682354398,
      "pcoc": 0.999367954916758
    },
    "0.1": {
      "auc": 0.8011015794437792,
      "logloss": 0.5224320529765039,
      "ece": 0.0005261452682354398,
      "pcoc": 0.999367954916758
    },
    "0.5": {
      "auc": 0.8011015794437792,
      "logloss": 0.5224320529765039,
      "ece": 0.0005261452682354398,
      "pcoc": 0.999367954916758
    }
  }
}