{
  "auc": 0.8010390135933385,
  "logloss": 0.5228046750851401,
  "ece": 0.0076152755782624175,
  "mce": 0.045160531997680664,
  "pcoc": 1.0172084245063056,
  "predicted_ctr": 0.4234136998257368,
  "actual_ctr": 0.4162506813991805,
  "samples": 326534.0
}