{
  "standard": {
    "auc": 0.8012204476004445,
    "logloss": 0.5222373372519713,
    "ece": 5.1003741087917256e-17,
    "pcoc": 0.9999999999999993
  },
  "concave": {
    "auc": 0.5000026231021856,
    "logloss": 9.408878034166577,
    "ece": 0.5837461561332046,
    "pcoc": 2.4023908721806917
  }
}