{
  "auc": 0.8012204476004445,
  "logloss": 0.5222373372519713,
  "ece": 5.1003741087917256e-17,
  "mce": 2.220446049250313e-16,
  "pcoc": 0.9999999999999993,
  "predicted_ctr": 0.4162506813991805,
  "actual_ctr": 0.4162506813991805
}