{
  "0": 1.0221949395460217,
  "1": 1.057185081369587,
  "2": 1.0349882570402695,
  "3": 0.8981932919311851,
  "4": 1.0478237498232053,
  "5": 1.038881841062063,
  "6": 1.0112331198568383,
  "7": 0.9264252101755768,
  "8": 0.9705346361516363,
  "9": 1.36810473035014,
  "10": 1.1541667416215247,
  "11": 0.9806909694783317,
  "12": 1.1667472837731234,
  "13": 0.8713621702467061,
  "14": 1.2552250936303633,
  "15": 2.167373777904579,
  "16": 1.020871326959474
}