{
  "baseline": {
    "auc": 0.8010390135933385,
    "logloss": 0.5228046750851401,
    "ece": 0.0076152755782624175,
    "pcoc": 1.0172084245063056
  },
  "temp_only": {
    "auc": 0.8010390135547408,
    "logloss": 0.5228023987708958,
    "ece": 0.007612517946042458,
    "pcoc": 1.0172370466082983,
    "temperature": 1.0013822317123413
  },
  "iso_only": {
    "auc": 0.8012204476004445,
    "logloss": 0.5222373372519713,
    "ece": 5.1003741087917256e-17,
    "pcoc": 0.9999999999999993
  },
  "two_stage": {
    "auc": 0.8012191369370996,
    "logloss": 0.5222382631579593,
    "ece": 4.382911773080511e-06,
    "pcoc": 1.0000006897439664,
    "temperature": 1.0013822317123413
  }
}