{
  "exp_name": "exp_001_baseline",
  "timestamp": "2026-03-26 23:03:18",
  "elapsed_min": 39.4,
  "metrics": {
    "Overall": {
      "auc": 0.7814565798415889,
      "pcoc": 1.1810322999954224,
      "logloss": 0.23696691266324527,
      "pos": 37338,
      "total": 478623
    },
    "shein": {
      "auc": 0.6632207375680134,
      "pcoc": 0.8953748345375061,
      "logloss": 0.12029833802255906,
      "pos": 416,
      "total": 15430
    },
    "aliexpress": {
      "auc": 0.7982820596451758,
      "pcoc": 0.970928966999054,
      "logloss": 0.11058845205460126,
      "pos": 4027,
      "total": 142880
    },
    "shopee": {
      "auc": 0.7293135519697922,
      "pcoc": 1.3748189210891724,
      "logloss": 0.28659502023232325,
      "pos": 20882,
      "total": 224518
    },
    "lazada": {
      "auc": 0.7620563865087686,
      "pcoc": 0.9244993329048157,
      "logloss": 0.3279397933279417,
      "pos": 12013,
      "total": 95795
    }
  }
}