{
  "experiment": "exp005_contrastive",
  "config": {
    "label_col": "ctcvr_label",
    "batch_size": 512,
    "lr": 5e-05,
    "epochs": 1,
    "embedding_size": 64,
    "dnn_hidden_units": [
      1024,
      512,
      256,
      128
    ],
    "dropout": 0.3,
    "contrastive_weight": 0.1,
    "seed": 42
  },
  "contrastive_features": {
    "demand_pkgname": "business_type",
    "campaignid": "campaignsetid"
  },
  "device": "cuda:0",
  "baseline": {
    "auc": 0.8458612654559977,
    "pcoc": 1.082139492034912,
    "logloss": 0.2648220437052084,
    "training_time_sec": 882.2977237701416,
    "device": "cuda:0",
    "device_name": "Tesla T4"
  },
  "baseline_bt": {
    "bt_0": {
      "count": 56176,
      "auc": 0.763120103935961,
      "pcoc": 1.5726850032806396
    },
    "bt_1": {
      "count": 403102,
      "auc": 0.7795187713985161,
      "pcoc": 1.0323346853256226
    },
    "bt_2": {
      "count": 128449,
      "auc": 0.8005968053527626,
      "pcoc": 1.1682054996490479
    },
    "bt_3": {
      "count": 88228,
      "auc": 0.719817523982824,
      "pcoc": 0.9491618871688843
    },
    "bt_4": {
      "count": 131326,
      "auc": 0.8415611526930802,
      "pcoc": 1.0574684143066406
    },
    "bt_5": {
      "count": 37268,
      "auc": 0.7785625257658477,
      "pcoc": 1.1809401512145996
    },
    "bt_6": {
      "count": 131062,
      "auc": 0.7935337157086981,
      "pcoc": 1.222317099571228
    },
    "bt_8": {
      "count": 63945,
      "auc": 0.8382386961575394,
      "pcoc": 0.9169312715530396
    },
    "bt_9": {
      "count": 4030,
      "auc": 0.610733064859569,
      "pcoc": 1.539242148399353
    },
    "bt_10": {
      "count": 19769,
      "auc": 0.7861244596585197,
      "pcoc": 1.2314199209213257
    },
    "bt_11": {
      "count": 151591,
      "auc": 0.7010864870163089,
      "pcoc": 0.9084333181381226
    },
    "bt_12": {
      "count": 1869,
      "auc": 0.7173601512318075,
      "pcoc": 1.3800920248031616
    },
    "bt_13": {
      "count": 9611,
      "auc": 0.8778120646826223,
      "pcoc": 0.9277782440185547
    },
    "bt_14": {
      "count": 1483,
      "auc": 0.7425942776261248,
      "pcoc": 1.4368976354599
    },
    "bt_15": {
      "count": 869,
      "auc": 0.9315065755286406,
      "pcoc": 0.8740354180335999
    },
    "bt_16": {
      "count": 2537,
      "auc": 0.5650868878357029,
      "pcoc": 19.095340728759766
    },
    "bt_17": {
      "count": 138,
      "auc": NaN,
      "pcoc": NaN
    }
  },
  "contrastive": {
    "auc": 0.84570184915521,
    "pcoc": 1.1250029849917664,
    "logloss": 0.2656799174817633,
    "training_time_sec": 3132.902803659439,
    "bt_grouped": {
      "bt_0": {
        "count": 56176,
        "auc": 0.7692394418849673,
        "pcoc": 1.5229509343863488
      },
      "bt_1": {
        "count": 403102,
        "auc": 0.7797904986244938,
        "pcoc": 1.0470113140313684
      },
      "bt_2": {
        "count": 128449,
        "auc": 0.8007716248208027,
        "pcoc": 1.277979893939477
      },
      "bt_3": {
        "count": 88228,
        "auc": 0.7251735244042894,
        "pcoc": 1.0547890120566001
      },
      "bt_4": {
        "count": 131326,
        "auc": 0.8321191886871426,
        "pcoc": 1.0691471176423073
      },
      "bt_5": {
        "count": 37268,
        "auc": 0.7717828168605285,
        "pcoc": 1.1745433366927376
      },
      "bt_6": {
        "count": 131062,
        "auc": 0.806208700010703,
        "pcoc": 1.1622298347866844
      },
      "bt_8": {
        "count": 63945,
        "auc": 0.8388350481459786,
        "pcoc": 1.1416606253952053
      },
      "bt_9": {
        "count": 4030,
        "auc": 0.6270781312178129,
        "pcoc": 1.5819769662973542
      },
      "bt_10": {
        "count": 19769,
        "auc": 0.7806439249478857,
        "pcoc": 1.2649129479217311
      },
      "bt_11": {
        "count": 151591,
        "auc": 0.7198755107213681,
        "pcoc": 1.5389256642030917
      },
      "bt_12": {
        "count": 1869,
        "auc": 0.6975313033579966,
        "pcoc": 1.432997989558966
      },
      "bt_13": {
        "count": 9611,
        "auc": 0.8697339433872115,
        "pcoc": 1.1508297956447402
      },
      "bt_14": {
        "count": 1483,
        "auc": 0.7396623192801537,
        "pcoc": 1.6375045592281303
      },
      "bt_15": {
        "count": 869,
        "auc": 0.9342247271855139,
        "pcoc": 1.0888849464677004
      },
      "bt_16": {
        "count": 2537,
        "auc": 0.5077409162717219,
        "pcoc": 19.087261591758576
      },
      "bt_17": {
        "count": 138,
        "auc": NaN,
        "pcoc": NaN
      }
    }
  },
  "parameter_stats": {
    "total_params": 16676097,
    "contrastive_features": [
      "demand_pkgname",
      "campaignid"
    ],
    "contrastive_weight": 0.1
  }
}