{
  "Vanilla": {
    "auc": 0.7732680045545024,
    "pr_auc": 0.5214838181095275,
    "logloss": 0.4250390762589065
  },
  "FNW": {
    "auc": 0.7838607862422429,
    "pr_auc": 0.5191528390578375,
    "logloss": 0.4436387160040312
  },
  "FNC": {
    "auc": 0.7763783537592829,
    "pr_auc": 0.5064465384289369,
    "logloss": 0.6356251886091979
  },
  "DEFER": {
    "auc": 0.8291633127768001,
    "pr_auc": 0.5661031962778346,
    "logloss": 0.42331166540060505
  },
  "ES-DFM": {
    "auc": 0.81145418567929,
    "pr_auc": 0.5493359762243113,
    "logloss": 0.37704797771436616
  },
  "DEFUSE": {
    "auc": 0.8123471389855158,
    "pr_auc": 0.5425002443336765,
    "logloss": 0.41925215122627985
  },
  "Bi-DEFUSE": {
    "auc": 0.8044872153002801,
    "pr_auc": 0.5469408630883549,
    "logloss": 0.3794800966427869
  }
}