{
  "config": {
    "train_bts": [
      0,
      1,
      2,
      3,
      4,
      5,
      6,
      11
    ],
    "test_bts": [
      7,
      8,
      10,
      13,
      16
    ],
    "label_col": "click_label",
    "embedding_size": 8,
    "dnn_hidden_units": [
      1024,
      512,
      256,
      128
    ],
    "dropout": 0.3,
    "lr": 5e-05,
    "epochs": 1,
    "batch_size": 512
  },
  "train_samples": 3045806,
  "test_samples": 204951,
  "test_auc": 0.7545000421935731,
  "test_pcoc": 0.7296583652496338,
  "test_logloss": 0.5915232929006888,
  "bt_grouped": {
    "bt_7": {
      "count": 15031,
      "auc": 0.9108173347495221,
      "pcoc": 0.5291752815246582,
      "positive_rate": 0.28554320335388184
    },
    "bt_8": {
      "count": 119026,
      "auc": 0.7727189715386069,
      "pcoc": 0.4551413059234619,
      "positive_rate": 0.2461647093296051
    },
    "bt_10": {
      "count": 50987,
      "auc": 0.6467507366124179,
      "pcoc": 1.0978517532348633,
      "positive_rate": 0.4824759364128113
    },
    "bt_13": {
      "count": 12343,
      "auc": 0.7862401561418562,
      "pcoc": 0.8103398084640503,
      "positive_rate": 0.37276187539100647
    },
    "bt_16": {
      "count": 7564,
      "auc": 0.5022861357621924,
      "pcoc": 0.6245837807655334,
      "positive_rate": 0.6604970693588257
    }
  }
}