{
  "lambda_0.0": {
    "lambda": 0.0,
    "test_auc": 0.7538807171060988,
    "test_pcoc": 0.9568569660186768,
    "test_logloss": 0.5205075145280903,
    "bt_grouped": {
      "bt_7": {
        "count": 15031,
        "auc": 0.9071986424132646,
        "pcoc": 0.49057576060295105,
        "positive_rate": 0.28554320335388184
      },
      "bt_8": {
        "count": 119026,
        "auc": 0.7773441499068191,
        "pcoc": 0.9154931902885437,
        "positive_rate": 0.2461647093296051
      },
      "bt_10": {
        "count": 50987,
        "auc": 0.6475435058098639,
        "pcoc": 1.097963809967041,
        "positive_rate": 0.4824759364128113
      },
      "bt_13": {
        "count": 12343,
        "auc": 0.7831249802433635,
        "pcoc": 1.222723364830017,
        "positive_rate": 0.37276187539100647
      },
      "bt_16": {
        "count": 7564,
        "auc": 0.5109956734858292,
        "pcoc": 0.6603720784187317,
        "positive_rate": 0.6604970693588257
      }
    }
  },
  "lambda_1.0": {
    "lambda": 1.0,
    "test_auc": 0.7465418845159479,
    "test_pcoc": 0.9621956944465637,
    "test_logloss": 0.5221628431972495,
    "bt_grouped": {
      "bt_7": {
        "count": 15031,
        "auc": 0.9022782865355538,
        "pcoc": 0.5231486558914185,
        "positive_rate": 0.28554320335388184
      },
      "bt_8": {
        "count": 119026,
        "auc": 0.7720289527259288,
        "pcoc": 0.9444849491119385,
        "positive_rate": 0.2461647093296051
      },
      "bt_10": {
        "count": 50987,
        "auc": 0.6377786802814025,
        "pcoc": 1.0927770137786865,
        "positive_rate": 0.4824759364128113
      },
      "bt_13": {
        "count": 12343,
        "auc": 0.7706597989463615,
        "pcoc": 1.235973596572876,
        "positive_rate": 0.37276187539100647
      },
      "bt_16": {
        "count": 7564,
        "auc": 0.5023859040503431,
        "pcoc": 0.548137366771698,
        "positive_rate": 0.6604970693588257
      }
    }
  },
  "lambda_10.0": {
    "lambda": 10.0,
    "test_auc": 0.7459116826607579,
    "test_pcoc": 0.9705796241760254,
    "test_logloss": 0.5256435184517433,
    "bt_grouped": {
      "bt_7": {
        "count": 15031,
        "auc": 0.8989654838297877,
        "pcoc": 0.5656355619430542,
        "positive_rate": 0.28554320335388184
      },
      "bt_8": {
        "count": 119026,
        "auc": 0.7706278437448435,
        "pcoc": 0.9686999320983887,
        "positive_rate": 0.2461647093296051
      },
      "bt_10": {
        "count": 50987,
        "auc": 0.6337759971111667,
        "pcoc": 1.0908509492874146,
        "positive_rate": 0.4824759364128113
      },
      "bt_13": {
        "count": 12343,
        "auc": 0.7732568245949251,
        "pcoc": 1.208712100982666,
        "positive_rate": 0.37276187539100647
      },
      "bt_16": {
        "count": 7564,
        "auc": 0.5193523978060953,
        "pcoc": 0.5179731845855713,
        "positive_rate": 0.6604970693588257
      }
    }
  },
  "lambda_100.0": {
    "lambda": 100.0,
    "test_auc": 0.7316753906765563,
    "test_pcoc": 1.1063462495803833,
    "test_logloss": 0.5496001251110706,
    "bt_grouped": {
      "bt_7": {
        "count": 15031,
        "auc": 0.8655693287489737,
        "pcoc": 0.7694864869117737,
        "positive_rate": 0.28554320335388184
      },
      "bt_8": {
        "count": 119026,
        "auc": 0.7625212824648784,
        "pcoc": 1.1963112354278564,
        "positive_rate": 0.2461647093296051
      },
      "bt_10": {
        "count": 50987,
        "auc": 0.5955823759605694,
        "pcoc": 1.1437450647354126,
        "positive_rate": 0.4824759364128113
      },
      "bt_13": {
        "count": 12343,
        "auc": 0.7405629390710666,
        "pcoc": 1.2999560832977295,
        "positive_rate": 0.37276187539100647
      },
      "bt_16": {
        "count": 7564,
        "auc": 0.5237478144509377,
        "pcoc": 0.5056681036949158,
        "positive_rate": 0.6604970693588257
      }
    }
  }
}