{
  "auc": 0.8431908330931497,
  "pcoc": 1.0971722602844238
}