{
  "experiment": "exp003_hierarchical",
  "baseline": {
    "auc": 0.845997126144813,
    "pcoc": 1.063643455505371,
    "logloss": 0.26457922720570837,
    "bt_grouped": {
      "bt_0": {
        "count": 56176,
        "auc": 0.7628541740546256,
        "pcoc": 1.5559953451156616
      },
      "bt_1": {
        "count": 403102,
        "auc": 0.7794819601750732,
        "pcoc": 1.002021312713623
      },
      "bt_2": {
        "count": 128449,
        "auc": 0.8004145438172996,
        "pcoc": 1.1558653116226196
      },
      "bt_3": {
        "count": 88228,
        "auc": 0.7183530958795619,
        "pcoc": 0.9594482779502869
      },
      "bt_4": {
        "count": 131326,
        "auc": 0.840970786628051,
        "pcoc": 1.0439640283584595
      },
      "bt_5": {
        "count": 37268,
        "auc": 0.7781186214846495,
        "pcoc": 1.191114902496338
      },
      "bt_6": {
        "count": 131062,
        "auc": 0.798971896958964,
        "pcoc": 1.2088136672973633
      },
      "bt_8": {
        "count": 63945,
        "auc": 0.8400892476732058,
        "pcoc": 0.960336446762085
      },
      "bt_9": {
        "count": 4030,
        "auc": 0.6080698047301338,
        "pcoc": 1.4983185529708862
      },
      "bt_10": {
        "count": 19769,
        "auc": 0.7845550946279884,
        "pcoc": 1.2498576641082764
      },
      "bt_11": {
        "count": 151591,
        "auc": 0.6994916637258582,
        "pcoc": 0.8465134501457214
      },
      "bt_12": {
        "count": 1869,
        "auc": 0.7168062444101146,
        "pcoc": 1.4250566959381104
      },
      "bt_13": {
        "count": 9611,
        "auc": 0.8789993348404517,
        "pcoc": 0.9263023734092712
      },
      "bt_14": {
        "count": 1483,
        "auc": 0.7436457385501971,
        "pcoc": 1.4059462547302246
      },
      "bt_15": {
        "count": 869,
        "auc": 0.9317863852580246,
        "pcoc": 0.7991387248039246
      },
      "bt_16": {
        "count": 2537,
        "auc": 0.5251974723538705,
        "pcoc": 19.851455688476562
      }
    }
  },
  "hierarchical": {
    "auc": 0.8454354240388237,
    "pcoc": 1.0013506412506104,
    "logloss": 0.2645662829728098,
    "bt_grouped": {
      "bt_0": {
        "count": 56176,
        "auc": 0.7655436692638522,
        "pcoc": 1.562669277191162
      },
      "bt_1": {
        "count": 403102,
        "auc": 0.7795797916919122,
        "pcoc": 0.9428065419197083
      },
      "bt_2": {
        "count": 128449,
        "auc": 0.8000992038546701,
        "pcoc": 1.1024647951126099
      },
      "bt_3": {
        "count": 88228,
        "auc": 0.7187257370000126,
        "pcoc": 0.9628078937530518
      },
      "bt_4": {
        "count": 131326,
        "auc": 0.8402439975598845,
        "pcoc": 0.8628208041191101
      },
      "bt_5": {
        "count": 37268,
        "auc": 0.7767884632945962,
        "pcoc": 1.0144071578979492
      },
      "bt_6": {
        "count": 131062,
        "auc": 0.7947697521380689,
        "pcoc": 1.0055850744247437
      },
      "bt_8": {
        "count": 63945,
        "auc": 0.840950878382697,
        "pcoc": 0.9280260801315308
      },
      "bt_9": {
        "count": 4030,
        "auc": 0.6177154868481987,
        "pcoc": 1.3343796730041504
      },
      "bt_10": {
        "count": 19769,
        "auc": 0.7877903501048901,
        "pcoc": 1.0228241682052612
      },
      "bt_11": {
        "count": 151591,
        "auc": 0.7114830191293199,
        "pcoc": 0.7767282724380493
      },
      "bt_12": {
        "count": 1869,
        "auc": 0.7200178876331408,
        "pcoc": 1.2279521226882935
      },
      "bt_13": {
        "count": 9611,
        "auc": 0.8796673769869209,
        "pcoc": 0.7769781947135925
      },
      "bt_14": {
        "count": 1483,
        "auc": 0.7481953290870488,
        "pcoc": 1.2704368829727173
      },
      "bt_15": {
        "count": 869,
        "auc": 0.9297277851061279,
        "pcoc": 0.8058087229728699
      },
      "bt_16": {
        "count": 2537,
        "auc": 0.5678515007898894,
        "pcoc": 23.488656997680664
      }
    },
    "gate_stats": {
      "offerid": 0.45058650330811467,
      "demand_pkgname": 0.5079112861890746,
      "campaignid": 0.5238559686533134
    }
  },
  "hierarchical_pairs": {
    "campaignid": "campaignsetid",
    "offerid": "demand_pkgname",
    "demand_pkgname": "business_type"
  },
  "config": {
    "label_col": "ctcvr_label",
    "batch_size": 512,
    "lr": 5e-05,
    "epochs": 1,
    "embedding_size": 64,
    "dnn_hidden_units": [
      1024,
      512,
      256,
      128
    ]
  }
}