{
  "exp_name": "exp_004_ple",
  "timestamp": "2026-03-26 16:55:41",
  "elapsed_min": 35.9,
  "metrics": {
    "Overall": {
      "auc": 0.7769737583883003,
      "pcoc": 1.0891790390014648,
      "logloss": 0.23309359160652057,
      "pos": 36460,
      "total": 478624
    },
    "shein": {
      "auc": 0.6693162187864217,
      "pcoc": 0.7289319634437561,
      "logloss": 0.12700497490338403,
      "pos": 483,
      "total": 16929
    },
    "aliexpress": {
      "auc": 0.8058369454315579,
      "pcoc": 1.0410443544387817,
      "logloss": 0.11215217857999955,
      "pos": 4542,
      "total": 156311
    },
    "shopee": {
      "auc": 0.7243570888393922,
      "pcoc": 1.160670280456543,
      "logloss": 0.2964232186846665,
      "pos": 22623,
      "total": 226490
    },
    "lazada": {
      "auc": 0.737507921950142,
      "pcoc": 0.9501956105232239,
      "logloss": 0.3136690493957905,
      "pos": 8812,
      "total": 78894
    }
  }
}