{
  "auc": 0.841455529371286,
  "pcoc": 1.054939866065979
}