{
  "auc": 0.5073733384570374,
  "pcoc": 4.382614612579346
}