{
  "exp_name": "exp_003_mmoe",
  "timestamp": "2026-03-26 16:03:45",
  "elapsed_min": 36.6,
  "metrics": {
    "Overall": {
      "auc": 0.7787252433169867,
      "pcoc": 1.027134656906128,
      "logloss": 0.23234380690764364,
      "pos": 36460,
      "total": 478624
    },
    "shein": {
      "auc": 0.6474824817226036,
      "pcoc": 0.829102635383606,
      "logloss": 0.12656033355200863,
      "pos": 483,
      "total": 16929
    },
    "aliexpress": {
      "auc": 0.8036589696433692,
      "pcoc": 0.8507745265960693,
      "logloss": 0.11283531839836089,
      "pos": 4542,
      "total": 156311
    },
    "shopee": {
      "auc": 0.7193091861263998,
      "pcoc": 1.0871332883834839,
      "logloss": 0.29692671116470437,
      "pos": 22623,
      "total": 226490
    },
    "lazada": {
      "auc": 0.7572177996457117,
      "pcoc": 0.9748566150665283,
      "logloss": 0.30641683885722604,
      "pos": 8812,
      "total": 78894
    }
  }
}