{
  "experiment": "exp004_metaemb",
  "config": {
    "label_col": "ctcvr_label",
    "batch_size": 512,
    "lr": 5e-05,
    "epochs": 1,
    "embedding_size": 64,
    "dnn_hidden_units": [
      1024,
      512,
      256,
      128
    ],
    "dropout": 0.3,
    "seed": 42
  },
  "meta_features": {
    "campaignid": [
      "campaignsetid",
      "offerid",
      "business_type"
    ],
    "demand_pkgname": [
      "business_type",
      "offerid"
    ]
  },
  "device": "cuda:0",
  "baseline": {
    "auc": 0.8458612654559977,
    "pcoc": 1.082139492034912,
    "logloss": 0.2648220437052084,
    "training_time_sec": 882.2977237701416,
    "device": "cuda:0",
    "device_name": "Tesla T4"
  },
  "baseline_bt": {
    "bt_0": {
      "count": 56176,
      "auc": 0.763120103935961,
      "pcoc": 1.5726850032806396
    },
    "bt_1": {
      "count": 403102,
      "auc": 0.7795187713985161,
      "pcoc": 1.0323346853256226
    },
    "bt_2": {
      "count": 128449,
      "auc": 0.8005968053527626,
      "pcoc": 1.1682054996490479
    },
    "bt_3": {
      "count": 88228,
      "auc": 0.719817523982824,
      "pcoc": 0.9491618871688843
    },
    "bt_4": {
      "count": 131326,
      "auc": 0.8415611526930802,
      "pcoc": 1.0574684143066406
    },
    "bt_5": {
      "count": 37268,
      "auc": 0.7785625257658477,
      "pcoc": 1.1809401512145996
    },
    "bt_6": {
      "count": 131062,
      "auc": 0.7935337157086981,
      "pcoc": 1.222317099571228
    },
    "bt_8": {
      "count": 63945,
      "auc": 0.8382386961575394,
      "pcoc": 0.9169312715530396
    },
    "bt_9": {
      "count": 4030,
      "auc": 0.610733064859569,
      "pcoc": 1.539242148399353
    },
    "bt_10": {
      "count": 19769,
      "auc": 0.7861244596585197,
      "pcoc": 1.2314199209213257
    },
    "bt_11": {
      "count": 151591,
      "auc": 0.7010864870163089,
      "pcoc": 0.9084333181381226
    },
    "bt_12": {
      "count": 1869,
      "auc": 0.7173601512318075,
      "pcoc": 1.3800920248031616
    },
    "bt_13": {
      "count": 9611,
      "auc": 0.8778120646826223,
      "pcoc": 0.9277782440185547
    },
    "bt_14": {
      "count": 1483,
      "auc": 0.7425942776261248,
      "pcoc": 1.4368976354599
    },
    "bt_15": {
      "count": 869,
      "auc": 0.9315065755286406,
      "pcoc": 0.8740354180335999
    },
    "bt_16": {
      "count": 2537,
      "auc": 0.5650868878357029,
      "pcoc": 19.095340728759766
    },
    "bt_17": {
      "count": 138,
      "auc": NaN,
      "pcoc": NaN
    }
  },
  "metaemb": {
    "auc": 0.846178105446443,
    "pcoc": 1.176182508468628,
    "logloss": 0.2663586813699666,
    "training_time_sec": 1284.0887472629547,
    "bt_grouped": {
      "bt_0": {
        "count": 56176,
        "auc": 0.7745084246250491,
        "pcoc": 1.745037317276001
      },
      "bt_1": {
        "count": 403102,
        "auc": 0.7797874124063859,
        "pcoc": 1.0929911136627197
      },
      "bt_2": {
        "count": 128449,
        "auc": 0.8031981754174731,
        "pcoc": 1.3079779148101807
      },
      "bt_3": {
        "count": 88228,
        "auc": 0.7275413288377799,
        "pcoc": 1.0841152667999268
      },
      "bt_4": {
        "count": 131326,
        "auc": 0.8343480637292472,
        "pcoc": 1.1343215703964233
      },
      "bt_5": {
        "count": 37268,
        "auc": 0.7732118729837243,
        "pcoc": 1.2653300762176514
      },
      "bt_6": {
        "count": 131062,
        "auc": 0.8113531228506403,
        "pcoc": 1.311708927154541
      },
      "bt_8": {
        "count": 63945,
        "auc": 0.8385322309578442,
        "pcoc": 1.1494461297988892
      },
      "bt_9": {
        "count": 4030,
        "auc": 0.6217129223458447,
        "pcoc": 1.453340768814087
      },
      "bt_10": {
        "count": 19769,
        "auc": 0.7818632228950253,
        "pcoc": 1.230076551437378
      },
      "bt_11": {
        "count": 151591,
        "auc": 0.719514946030954,
        "pcoc": 1.3258146047592163
      },
      "bt_12": {
        "count": 1869,
        "auc": 0.7027908773070981,
        "pcoc": 1.3198524713516235
      },
      "bt_13": {
        "count": 9611,
        "auc": 0.8720284916011897,
        "pcoc": 1.0810335874557495
      },
      "bt_14": {
        "count": 1483,
        "auc": 0.7175917500758267,
        "pcoc": 1.583317518234253
      },
      "bt_15": {
        "count": 869,
        "auc": 0.9398808810009194,
        "pcoc": 1.3780951499938965
      },
      "bt_16": {
        "count": 2537,
        "auc": 0.4769352290679305,
        "pcoc": 9.885308265686035
      },
      "bt_17": {
        "count": 138,
        "auc": NaN,
        "pcoc": NaN
      }
    }
  },
  "parameter_stats": {
    "total_params": 16735009,
    "embedding_params": 7773440,
    "meta_generator_params": 75552,
    "meta_features": [
      "campaignid",
      "demand_pkgname"
    ]
  }
}