{
  "auc": 0.8415701954533238,
  "pcoc": 1.1349960565567017
}