{
  "bt_0": {
    "count": 56176,
    "auc": 0.763120103935961,
    "pcoc": 1.5726850032806396
  },
  "bt_1": {
    "count": 403102,
    "auc": 0.7795187713985161,
    "pcoc": 1.0323346853256226
  },
  "bt_2": {
    "count": 128449,
    "auc": 0.8005968053527626,
    "pcoc": 1.1682054996490479
  },
  "bt_3": {
    "count": 88228,
    "auc": 0.719817523982824,
    "pcoc": 0.9491618871688843
  },
  "bt_4": {
    "count": 131326,
    "auc": 0.8415611526930802,
    "pcoc": 1.0574684143066406
  },
  "bt_5": {
    "count": 37268,
    "auc": 0.7785625257658477,
    "pcoc": 1.1809401512145996
  },
  "bt_6": {
    "count": 131062,
    "auc": 0.7935337157086981,
    "pcoc": 1.222317099571228
  },
  "bt_8": {
    "count": 63945,
    "auc": 0.8382386961575394,
    "pcoc": 0.9169312715530396
  },
  "bt_9": {
    "count": 4030,
    "auc": 0.610733064859569,
    "pcoc": 1.539242148399353
  },
  "bt_10": {
    "count": 19769,
    "auc": 0.7861244596585197,
    "pcoc": 1.2314199209213257
  },
  "bt_11": {
    "count": 151591,
    "auc": 0.7010864870163089,
    "pcoc": 0.9084333181381226
  },
  "bt_12": {
    "count": 1869,
    "auc": 0.7173601512318075,
    "pcoc": 1.3800920248031616
  },
  "bt_13": {
    "count": 9611,
    "auc": 0.8778120646826223,
    "pcoc": 0.9277782440185547
  },
  "bt_14": {
    "count": 1483,
    "auc": 0.7425942776261248,
    "pcoc": 1.4368976354599
  },
  "bt_15": {
    "count": 869,
    "auc": 0.9315065755286406,
    "pcoc": 0.8740354180335999
  },
  "bt_16": {
    "count": 2537,
    "auc": 0.5650868878357029,
    "pcoc": 19.095340728759766
  },
  "bt_17": {
    "count": 138,
    "auc": NaN,
    "pcoc": NaN
  }
}