{
  "exp_name": "exp_002_shared_bottom",
  "timestamp": "2026-03-26 15:09:59",
  "elapsed_min": 41.6,
  "metrics": {
    "Overall": {
      "auc": 0.7798959998723279,
      "pcoc": 1.1204808950424194,
      "logloss": 0.23235752081938182,
      "pos": 36460,
      "total": 478624
    },
    "shein": {
      "auc": 0.657307471418475,
      "pcoc": 0.9128553867340088,
      "logloss": 0.1256595810244126,
      "pos": 483,
      "total": 16929
    },
    "aliexpress": {
      "auc": 0.8035172946542588,
      "pcoc": 0.9171035885810852,
      "logloss": 0.1126407232414578,
      "pos": 4542,
      "total": 156311
    },
    "shopee": {
      "auc": 0.723401097074889,
      "pcoc": 1.1730730533599854,
      "logloss": 0.2969346742065669,
      "pos": 22623,
      "total": 226490
    },
    "lazada": {
      "auc": 0.757002159962463,
      "pcoc": 1.1016685962677002,
      "logloss": 0.30705600610759576,
      "pos": 8812,
      "total": 78894
    }
  }
}