{
  "method": "DFM",
  "auc": 0.8407533462429746,
  "pr_auc": 0.5876867165335103,
  "logloss": 0.37409541595820467,
  "time_minutes": 16.11614867846171,
  "n_samples": 15898883,
  "sample_ratio": 1.0
}