{
  "method": "ES-DFM",
  "auc": 0.8406198493916626,
  "pr_auc": 0.58818337038184,
  "logloss": 0.3542204413931769,
  "time_minutes": 23.484065608183542,
  "n_samples": 15898883,
  "sample_ratio": 1.0
}