{
  "method": "FDAM",
  "auc": 0.8405055306627586,
  "pr_auc": 0.5891993130595109,
  "logloss": 0.3541907313948432,
  "time_minutes": 23.703287474314372,
  "n_samples": 15898883,
  "sample_ratio": 1.0
}