{
  "method": "FNC",
  "auc": 0.8237158339170556,
  "pr_auc": 0.5485865511651412,
  "logloss": 0.6182161444920143,
  "time_minutes": 14.186793935298919,
  "n_samples": 15898883,
  "sample_ratio": 1.0
}