{
  "method": "FNW",
  "auc": 0.822911538234809,
  "pr_auc": 0.5598132986465165,
  "logloss": 0.5092059643238178,
  "time_minutes": 14.133804861704508,
  "n_samples": 15898883,
  "sample_ratio": 1.0
}