{
  "method": "Oracle",
  "auc": 0.8417155981665851,
  "pr_auc": 0.5955452658107117,
  "logloss": 0.34907714107771015,
  "time_minutes": 13.962511916955313,
  "n_samples": 15898883,
  "sample_ratio": 1.0
}