{
  "method": "Vanilla",
  "auc": 0.8210568208105944,
  "pr_auc": 0.5659117604181181,
  "logloss": 0.4039592025068188,
  "time_minutes": 14.078654575347901,
  "n_samples": 15898883,
  "sample_ratio": 1.0
}