{
  "experiment": "exp007_combined",
  "config": {
    "label_col": "ctcvr_label",
    "batch_size": 512,
    "lr": 5e-05,
    "epochs": 1,
    "dnn_hidden_units": [
      1024,
      512,
      256,
      128
    ],
    "dropout": 0.3,
    "seed": 42
  },
  "hierarchical_pairs": {
    "campaignid": "campaignsetid",
    "demand_pkgname": "business_type"
  },
  "baseline": {
    "auc": 0.8458612654559977,
    "pcoc": 1.082139492034912,
    "logloss": 0.2648220437052084,
    "training_time_sec": 882.2977237701416,
    "device": "cuda:0",
    "device_name": "Tesla T4"
  },
  "combined": {
    "auc": 0.8419182519690535,
    "pcoc": 1.0315704345703125,
    "logloss": 0.2670675377687964,
    "training_time_sec": 1372.9235684871674,
    "bt_grouped": {
      "bt_0": {
        "count": 56176,
        "auc": 0.771463952965323,
        "pcoc": 1.5110890865325928
      },
      "bt_1": {
        "count": 403102,
        "auc": 0.7780455033371795,
        "pcoc": 0.9698376655578613
      },
      "bt_2": {
        "count": 128449,
        "auc": 0.7990997805209381,
        "pcoc": 1.1678296327590942
      },
      "bt_3": {
        "count": 88228,
        "auc": 0.7256021357442979,
        "pcoc": 0.7111876606941223
      },
      "bt_4": {
        "count": 131326,
        "auc": 0.833664445073161,
        "pcoc": 1.2185806035995483
      },
      "bt_5": {
        "count": 37268,
        "auc": 0.7699796637798103,
        "pcoc": 1.5930095911026
      },
      "bt_6": {
        "count": 131062,
        "auc": 0.8125464210305722,
        "pcoc": 1.3966047763824463
      },
      "bt_8": {
        "count": 63945,
        "auc": 0.8316297511648149,
        "pcoc": 0.6932737827301025
      },
      "bt_9": {
        "count": 4030,
        "auc": 0.626436423845683,
        "pcoc": 1.2856183052062988
      },
      "bt_10": {
        "count": 19769,
        "auc": 0.7763267459758235,
        "pcoc": 1.6083855628967285
      },
      "bt_11": {
        "count": 151591,
        "auc": 0.7134861860701586,
        "pcoc": 0.8930462002754211
      },
      "bt_12": {
        "count": 1869,
        "auc": 0.6934506870477274,
        "pcoc": 1.7998156547546387
      },
      "bt_13": {
        "count": 9611,
        "auc": 0.8620633494206338,
        "pcoc": 1.3033133745193481
      },
      "bt_14": {
        "count": 1483,
        "auc": 0.7281366899201295,
        "pcoc": 1.9384034872055054
      },
      "bt_15": {
        "count": 869,
        "auc": 0.9382020226246153,
        "pcoc": 0.7839435935020447
      },
      "bt_16": {
        "count": 2537,
        "auc": 0.48783570300157986,
        "pcoc": 6.509366512298584
      },
      "bt_17": {
        "count": 138,
        "auc": NaN,
        "pcoc": NaN
      }
    }
  },
  "parameter_stats": {
    "total_params": 8296976,
    "hierarchical_params": 179666,
    "plain_embedding_params": 5203920
  }
}