{
  "experiment": "exp001_autoemb_v3",
  "baseline": {
    "auc": 0.8458612654559977,
    "pcoc": 1.082139492034912,
    "logloss": 0.2648220437052084,
    "training_time_sec": 882.2977237701416,
    "device": "cuda:0",
    "device_name": "Tesla T4"
  },
  "results": [
    {
      "strategy": "v3a_aggressive",
      "dim_distribution": {
        "32": 4,
        "16": 5,
        "8": 116
      },
      "param_reduction_pct": 55.291548193019324,
      "auc": 0.8421883812853739,
      "pcoc": 0.9354990124702454,
      "logloss": 0.26684299380298104,
      "training_time_sec": 1287.2214033603668,
      "bt_grouped": {
        "bt_0": {
          "count": 56176,
          "auc": 0.7606810451441886,
          "pcoc": 1.379580020904541
        },
        "bt_1": {
          "count": 403102,
          "auc": 0.7762097804344341,
          "pcoc": 0.8835944533348083
        },
        "bt_2": {
          "count": 128449,
          "auc": 0.7959361081237049,
          "pcoc": 1.0288840532302856
        },
        "bt_3": {
          "count": 88228,
          "auc": 0.7062861747737275,
          "pcoc": 0.8012705445289612
        },
        "bt_4": {
          "count": 131326,
          "auc": 0.8347794352567441,
          "pcoc": 0.9394752383232117
        },
        "bt_5": {
          "count": 37268,
          "auc": 0.773798044962338,
          "pcoc": 1.141139030456543
        },
        "bt_6": {
          "count": 131062,
          "auc": 0.7837129333619945,
          "pcoc": 1.1490097045898438
        },
        "bt_8": {
          "count": 63945,
          "auc": 0.8356328148133669,
          "pcoc": 0.7579886317253113
        },
        "bt_9": {
          "count": 4030,
          "auc": 0.5747850891176204,
          "pcoc": 1.3627742528915405
        },
        "bt_10": {
          "count": 19769,
          "auc": 0.7764690825666828,
          "pcoc": 1.1425827741622925
        },
        "bt_11": {
          "count": 151591,
          "auc": 0.7029860502908478,
          "pcoc": 0.716592013835907
        },
        "bt_12": {
          "count": 1869,
          "auc": 0.7135488657614439,
          "pcoc": 1.133131504058838
        },
        "bt_13": {
          "count": 9611,
          "auc": 0.8757949665510504,
          "pcoc": 0.786196768283844
        },
        "bt_14": {
          "count": 1483,
          "auc": 0.7348094227075118,
          "pcoc": 1.3488492965698242
        },
        "bt_15": {
          "count": 869,
          "auc": 0.9310269017068393,
          "pcoc": 0.5034968852996826
        },
        "bt_16": {
          "count": 2537,
          "auc": 0.5548973143759874,
          "pcoc": 26.298887252807617
        },
        "bt_17": {
          "count": 138,
          "auc": NaN,
          "pcoc": NaN
        }
      }
    },
    {
      "strategy": "v3b_conservative",
      "dim_distribution": {
        "64": 9,
        "32": 116
      },
      "param_reduction_pct": 1.802447768574611,
      "auc": 0.8451241789035481,
      "pcoc": 1.0752631425857544,
      "logloss": 0.26515706304600867,
      "training_time_sec": 920.8839478492737,
      "bt_grouped": {
        "bt_0": {
          "count": 56176,
          "auc": 0.7603086133170815,
          "pcoc": 1.5229846239089966
        },
        "bt_1": {
          "count": 403102,
          "auc": 0.7789011175512318,
          "pcoc": 1.0344469547271729
        },
        "bt_2": {
          "count": 128449,
          "auc": 0.7995087932148742,
          "pcoc": 1.1118965148925781
        },
        "bt_3": {
          "count": 88228,
          "auc": 0.7182663219927639,
          "pcoc": 0.9820681214332581
        },
        "bt_4": {
          "count": 131326,
          "auc": 0.837814954123797,
          "pcoc": 1.0212165117263794
        },
        "bt_5": {
          "count": 37268,
          "auc": 0.7765691811024698,
          "pcoc": 1.1639912128448486
        },
        "bt_6": {
          "count": 131062,
          "auc": 0.7854319489502612,
          "pcoc": 1.2402914762496948
        },
        "bt_8": {
          "count": 63945,
          "auc": 0.836303723982514,
          "pcoc": 0.9184210300445557
        },
        "bt_9": {
          "count": 4030,
          "auc": 0.5942352802917296,
          "pcoc": 1.529384970664978
        },
        "bt_10": {
          "count": 19769,
          "auc": 0.7804132740995726,
          "pcoc": 1.2033030986785889
        },
        "bt_11": {
          "count": 151591,
          "auc": 0.7084227615103945,
          "pcoc": 1.0385758876800537
        },
        "bt_12": {
          "count": 1869,
          "auc": 0.7135844377591675,
          "pcoc": 1.3133572340011597
        },
        "bt_13": {
          "count": 9611,
          "auc": 0.8796518830212801,
          "pcoc": 0.9613044261932373
        },
        "bt_14": {
          "count": 1483,
          "auc": 0.7545142048326763,
          "pcoc": 1.4029593467712402
        },
        "bt_15": {
          "count": 869,
          "auc": 0.9235919574689211,
          "pcoc": 0.9064545631408691
        },
        "bt_16": {
          "count": 2537,
          "auc": 0.5398894154818326,
          "pcoc": 34.174285888671875
        },
        "bt_17": {
          "count": 138,
          "auc": NaN,
          "pcoc": NaN
        }
      }
    },
    {
      "strategy": "v3c_log_scale",
      "dim_distribution": {
        "56": 3,
        "48": 2,
        "24": 24,
        "64": 2,
        "40": 4,
        "16": 80,
        "32": 6,
        "8": 4
      },
      "param_reduction_pct": 7.903428524333456,
      "auc": 0.8449394239432674,
      "pcoc": 1.0396925210952759,
      "logloss": 0.2652998696744452,
      "training_time_sec": 902.2904794216156,
      "bt_grouped": {
        "bt_0": {
          "count": 56176,
          "auc": 0.7639535612254154,
          "pcoc": 1.6056288480758667
        },
        "bt_1": {
          "count": 403102,
          "auc": 0.7798807567068043,
          "pcoc": 1.0064479112625122
        },
        "bt_2": {
          "count": 128449,
          "auc": 0.7999139982238916,
          "pcoc": 1.1023792028427124
        },
        "bt_3": {
          "count": 88228,
          "auc": 0.7206378998389767,
          "pcoc": 0.8653842806816101
        },
        "bt_4": {
          "count": 131326,
          "auc": 0.8379939236776173,
          "pcoc": 0.9162189960479736
        },
        "bt_5": {
          "count": 37268,
          "auc": 0.7749323252554211,
          "pcoc": 1.0693320035934448
        },
        "bt_6": {
          "count": 131062,
          "auc": 0.7824988346157914,
          "pcoc": 1.1315473318099976
        },
        "bt_8": {
          "count": 63945,
          "auc": 0.8356722568909376,
          "pcoc": 0.8698776364326477
        },
        "bt_9": {
          "count": 4030,
          "auc": 0.6043763511925402,
          "pcoc": 1.5020724534988403
        },
        "bt_10": {
          "count": 19769,
          "auc": 0.7800799837714429,
          "pcoc": 1.0581567287445068
        },
        "bt_11": {
          "count": 151591,
          "auc": 0.7028026021353175,
          "pcoc": 0.7988437414169312
        },
        "bt_12": {
          "count": 1869,
          "auc": 0.7164708512887226,
          "pcoc": 1.1354384422302246
        },
        "bt_13": {
          "count": 9611,
          "auc": 0.8772550025691157,
          "pcoc": 0.8513752818107605
        },
        "bt_14": {
          "count": 1483,
          "auc": 0.7481245576786978,
          "pcoc": 1.2324175834655762
        },
        "bt_15": {
          "count": 869,
          "auc": 0.9260502858056521,
          "pcoc": 0.7409530878067017
        },
        "bt_16": {
          "count": 2537,
          "auc": 0.5925750394944707,
          "pcoc": 21.034343719482422
        },
        "bt_17": {
          "count": 138,
          "auc": NaN,
          "pcoc": NaN
        }
      }
    }
  ]
}