{
  "auc": 0.8425151472133063,
  "pcoc": 1.0555047988891602
}