{
  "experiment": "exp003_hierarchical_v2",
  "config": {
    "label_col": "ctcvr_label",
    "batch_size": 512,
    "lr": 5e-05,
    "epochs": 1,
    "embedding_size": 64,
    "dnn_hidden_units": [
      1024,
      512,
      256,
      128
    ],
    "dropout": 0.3,
    "seed": 42
  },
  "device": "cuda:0",
  "device_name": "Tesla T4",
  "baseline": null,
  "baseline_bt": null,
  "hierarchical_results": [
    {
      "config_name": "v2_deep_chain",
      "hierarchical_pairs": {
        "campaignid": "campaignsetid",
        "campaignsetid": "offerid",
        "offerid": "demand_pkgname",
        "demand_pkgname": "business_type"
      },
      "auc": 0.8452324884636241,
      "pcoc": 1.015803337097168,
      "logloss": 0.26476812485558776,
      "training_time_sec": 873.3536608219147,
      "bt_grouped": {
        "bt_0": {
          "count": 56176,
          "auc": 0.7667041796874657,
          "pcoc": 1.4531300067901611
        },
        "bt_1": {
          "count": 403102,
          "auc": 0.7791197558026438,
          "pcoc": 0.934414803981781
        },
        "bt_2": {
          "count": 128449,
          "auc": 0.7990312538822808,
          "pcoc": 1.1685885190963745
        },
        "bt_3": {
          "count": 88228,
          "auc": 0.7242020389603148,
          "pcoc": 0.8884019255638123
        },
        "bt_4": {
          "count": 131326,
          "auc": 0.8403464502394523,
          "pcoc": 1.1264119148254395
        },
        "bt_5": {
          "count": 37268,
          "auc": 0.7788903971281358,
          "pcoc": 1.3511731624603271
        },
        "bt_6": {
          "count": 131062,
          "auc": 0.7982986209663027,
          "pcoc": 1.4234800338745117
        },
        "bt_8": {
          "count": 63945,
          "auc": 0.8408959437781631,
          "pcoc": 0.8085945248603821
        },
        "bt_9": {
          "count": 4030,
          "auc": 0.6145613467593487,
          "pcoc": 1.2531850337982178
        },
        "bt_10": {
          "count": 19769,
          "auc": 0.7828539670882595,
          "pcoc": 1.362298607826233
        },
        "bt_11": {
          "count": 151591,
          "auc": 0.7041908751135141,
          "pcoc": 0.9882670640945435
        },
        "bt_12": {
          "count": 1869,
          "auc": 0.7162929913001057,
          "pcoc": 1.5335946083068848
        },
        "bt_13": {
          "count": 9611,
          "auc": 0.8818713035181391,
          "pcoc": 1.0834095478057861
        },
        "bt_14": {
          "count": 1483,
          "auc": 0.7523304013749874,
          "pcoc": 1.518805742263794
        },
        "bt_15": {
          "count": 869,
          "auc": 0.9364831914298278,
          "pcoc": 0.7836458086967468
        },
        "bt_16": {
          "count": 2537,
          "auc": 0.5293838862559243,
          "pcoc": 24.01690673828125
        },
        "bt_17": {
          "count": 138,
          "auc": NaN,
          "pcoc": NaN
        }
      },
      "gate_stats": {}
    }
  ]
}