{
  "experiment": "exp07_censored",
  "method": "Censored Regression (Tobit Model)",
  "results": {
    "censored": {
      "auc": 0.869989809892384,
      "rmse": 0.38300764560699463,
      "ece": 0.006627510116994381
    },
    "oracle": {
      "auc": 0.8663490859039634,
      "rmse": 0.3856686055660248,
      "ece": 0.002674282032251358
    }
  },
  "elapsed_seconds": 242.51161098480225
}