{
  "best_alpha": "alpha_0.5",
  "results": {
    "alpha_0.5": {
      "ctr": {
        "auc": 0.9999989448884771,
        "ece": 0.00013965620566013968
      },
      "win": {
        "auc": 0.8725154296598749,
        "ece": 0.0051563296164385975,
        "rmse": 