{
  "experiment": "exp16_with_sequence",
  "auc": 0.8345389198589587,
  "baseline": 0.8340744788209488,
  "time": 86.72089791297913
}