{
  "baseline": 0.8449765282592112,
  "enhanced": 0.8446854615530341
}