{
  "experiment": "exp15_ensemble",
  "methods": {
    "average": {
      "win_auc": 0.8411073330356483,
      "win_rmse": 0.5052227231627651,
      "win_mae": 0.25525,
      "win_ece": 0.003912276811946488,
      "win_mce": 0.012192831927015202,
      "win_pcoc": 0.7496865139850496,
      "win_brier": 0.16197441305440302,
      "win_log_loss": 0.4856350642143163
    },
    "weighted": {
      "win_auc": 0.8411089855358507,
      "win_rmse": 0.5051979809935903,
      "win_mae": 0.255225,
      "win_ece": 0.003939313137966512,
      "win_mce": 0.011959901030870412,
      "win_pcoc": 0.749670955525983,
      "win_brier": 0.1619735222098265,
      "win_log_loss": 0.4856324795341531
    },
    "stacking": {
      "win_auc": 0.8412848580573951,
      "win_rmse": 0.5035623099478356,
      "win_mae": 0.253575,
      "win_ece": 0.026835600026302028,
      "win_mce": 0.05769466247590194,
      "win_pcoc": 0.7350658507313031,
      "win_brier": 0.16301952728085847,
      "win_log_loss": 0.4907637604111338
    }
  },
  "best_method": "stacking",
  "training_time_seconds": 31.617851495742798
}