{
  "exp_name": "exp_005_star",
  "timestamp": "2026-03-26 17:48:12",
  "elapsed_min": 36.4,
  "metrics": {
    "Overall": {
      "auc": 0.7769905484430355,
      "pcoc": 1.224955439567566,
      "logloss": 0.23554807406439887,
      "pos": 36460,
      "total": 478624
    },
    "shein": {
      "auc": 0.6309306648598878,
      "pcoc": 1.3251423835754395,
      "logloss": 0.13062298623493726,
      "pos": 483,
      "total": 16929
    },
    "aliexpress": {
      "auc": 0.7950977820794708,
      "pcoc": 1.1097562313079834,
      "logloss": 0.11435914716425706,
      "pos": 4542,
      "total": 156311
    },
    "shopee": {
      "auc": 0.7216216732767698,
      "pcoc": 1.2177401781082153,
      "logloss": 0.29906700527181934,
      "pos": 22623,
      "total": 226490
    },
    "lazada": {
      "auc": 0.7479015025625322,
      "pcoc": 1.2973655462265015,
      "logloss": 0.3158207999419606,
      "pos": 8812,
      "total": 78894
    }
  }
}