{
  "method": "Bi-DEFUSE",
  "auc": 0.8414899740360633,
  "pr_auc": 0.5943544545060375,
  "logloss": 0.3496321570641634,
  "time_minutes": 15.492364887396494,
  "n_samples": 15898883,
  "sample_ratio": 1.0
}