{
  "method": "DEFER",
  "auc": 0.8421550591566567,
  "pr_auc": 0.5849112605747757,
  "logloss": 0.43475656424118286,
  "time_minutes": 34.48423431714376,
  "n_samples": 15898883,
  "sample_ratio": 1.0
}