{
  "method": "DEFUSE",
  "auc": 0.840485807234639,
  "pr_auc": 0.5850681412325391,
  "logloss": 0.39798448217662574,
  "time_minutes": 23.48392016092936,
  "n_samples": 15898883,
  "sample_ratio": 1.0
}